league_code,date,home_team,away_team,home_goals,away_goals,ft_result,ht_home_goals,ht_away_goals,ht_result,home_odds,draw_odds,away_odds,hour,weekday,ft_result_raw,home_points,away_points,goal_diff,goals_total,ht_result_raw,ht_goal_diff,ht_goals_total
P1,2015-08-14,Tondela,Sp Lisbon,1.0,2.0,A,0.0,1.0,A,13.0,5.25,1.25,,4.0,A,0.0,3.0,-1.0,3.0,A,-1.0,1.0
P1,2015-08-15,Belenenses,Rio Ave,3.0,3.0,D,1.0,1.0,D,2.45,3.1,3.0,,5.0,D,1.0,1.0,0.0,6.0,D,0.0,2.0
P1,2015-08-15,Porto,Guimaraes,3.0,0.0,H,1.0,0.0,H,1.18,6.5,15.0,,5.0,H,3.0,0.0,3.0,3.0,H,1.0,1.0
P1,2015-08-16,Benfica,Estoril,4.0,0.0,H,0.0,0.0,D,1.3,5.5,9.0,,6.0,H,3.0,0.0,4.0,4.0,D,0.0,0.0
P1,2015-08-16,Moreirense,Arouca,0.0,2.0,A,0.0,0.0,D,2.2,3.2,3.4,,6.0,A,0.0,3.0,-2.0,2.0,D,0.0,0.0
P1,2015-08-16,Setubal,Boavista,2.0,2.0,D,2.0,0.0,H,2.25,3.2,3.25,,6.0,D,1.0,1.0,0.0,4.0,H,2.0,2.0
P1,2015-08-16,Sp Braga,Nacional,2.0,1.0,H,1.0,1.0,D,1.73,3.5,5.0,,6.0,H,3.0,0.0,1.0,3.0,D,0.0,2.0
P1,2015-08-16,Uniao Madeira,Maritimo,2.0,1.0,H,1.0,0.0,H,2.8,3.25,2.5,,6.0,H,3.0,0.0,1.0,3.0,H,1.0,1.0
P1,2015-08-17,Pacos Ferreira,Academica,1.0,0.0,H,1.0,0.0,H,1.8,3.3,4.75,,0.0,H,3.0,0.0,1.0,1.0,H,1.0,1.0
P1,2015-08-21,Rio Ave,Sp Braga,1.0,0.0,H,1.0,0.0,H,3.25,3.2,2.25,,4.0,H,3.0,0.0,1.0,1.0,H,1.0,1.0
P1,2015-08-22,Maritimo,Porto,1.0,1.0,D,1.0,1.0,D,9.0,4.5,1.36,,5.0,D,1.0,1.0,0.0,2.0,D,0.0,2.0
P1,2015-08-22,Sp Lisbon,Pacos Ferreira,1.0,1.0,D,1.0,0.0,H,1.33,5.0,9.0,,5.0,D,1.0,1.0,0.0,2.0,H,1.0,1.0
P1,2015-08-23,Arouca,Benfica,1.0,0.0,H,1.0,0.0,H,10.0,4.75,1.33,,6.0,H,3.0,0.0,1.0,1.0,H,1.0,1.0
P1,2015-08-23,Boavista,Tondela,1.0,0.0,H,0.0,0.0,D,1.95,3.3,4.0,,6.0,H,3.0,0.0,1.0,1.0,D,0.0,0.0
P1,2015-08-23,Estoril,Moreirense,2.0,0.0,H,0.0,0.0,D,1.7,3.5,5.25,,6.0,H,3.0,0.0,2.0,2.0,D,0.0,0.0
P1,2015-08-23,Guimaraes,Belenenses,1.0,1.0,D,1.0,0.0,H,1.85,3.3,4.5,,6.0,D,1.0,1.0,0.0,2.0,H,1.0,1.0
P1,2015-08-23,Nacional,Uniao Madeira,1.0,0.0,H,1.0,0.0,H,1.8,3.4,4.75,,6.0,H,3.0,0.0,1.0,1.0,H,1.0,1.0
P1,2015-08-24,Academica,Setubal,0.0,4.0,A,0.0,1.0,A,2.15,3.3,3.4,,0.0,A,0.0,3.0,-4.0,4.0,A,-1.0,1.0
P1,2015-08-29,Benfica,Moreirense,3.0,2.0,H,0.0,1.0,A,1.2,6.0,15.0,,5.0,H,3.0,0.0,1.0,5.0,A,-1.0,1.0
P1,2015-08-29,Porto,Estoril,2.0,0.0,H,1.0,0.0,H,1.17,6.5,17.0,,5.0,H,3.0,0.0,2.0,2.0,H,1.0,1.0
P1,2015-08-29,Setubal,Rio Ave,2.0,2.0,D,0.0,0.0,D,2.38,3.1,3.1,,5.0,D,1.0,1.0,0.0,4.0,D,0.0,0.0
P1,2015-08-30,Academica,Sp Lisbon,1.0,3.0,A,1.0,2.0,A,8.5,4.33,1.4,,6.0,A,0.0,3.0,-2.0,4.0,A,-1.0,3.0
P1,2015-08-30,Pacos Ferreira,Arouca,1.0,1.0,D,1.0,1.0,D,2.1,3.2,3.6,,6.0,D,1.0,1.0,0.0,2.0,D,0.0,2.0
P1,2015-08-30,Sp Braga,Boavista,4.0,0.0,H,1.0,0.0,H,1.5,3.6,8.5,,6.0,H,3.0,0.0,4.0,4.0,H,1.0,1.0
P1,2015-08-30,Tondela,Nacional,1.0,0.0,H,0.0,0.0,D,2.9,3.1,2.5,,6.0,H,3.0,0.0,1.0,1.0,D,0.0,0.0
P1,2015-08-31,Belenenses,Maritimo,1.0,1.0,D,0.0,1.0,A,2.3,3.1,3.25,,0.0,D,1.0,1.0,0.0,2.0,A,-1.0,1.0
P1,2015-08-31,Uniao Madeira,Guimaraes,0.0,0.0,D,0.0,0.0,D,2.9,3.1,2.5,,0.0,D,1.0,1.0,0.0,0.0,D,0.0,0.0
P1,2015-09-11,Benfica,Belenenses,6.0,0.0,H,3.0,0.0,H,1.25,5.5,13.0,,4.0,H,3.0,0.0,6.0,6.0,H,3.0,3.0
P1,2015-09-12,Arouca,Porto,1.0,3.0,A,0.0,1.0,A,9.5,4.5,1.36,,5.0,A,0.0,3.0,-2.0,4.0,A,-1.0,1.0
P1,2015-09-12,Estoril,Sp Braga,1.0,0.0,H,0.0,0.0,D,3.0,3.2,2.4,,5.0,H,3.0,0.0,1.0,1.0,D,0.0,0.0
P1,2015-09-13,Guimaraes,Tondela,1.0,0.0,H,1.0,0.0,H,1.95,3.2,4.2,,6.0,H,3.0,0.0,1.0,1.0,H,1.0,1.0
P1,2015-09-13,Maritimo,Setubal,5.0,2.0,H,0.0,1.0,A,1.83,3.4,4.5,,6.0,H,3.0,0.0,3.0,7.0,A,-1.0,1.0
P1,2015-09-13,Moreirense,Uniao Madeira,0.0,0.0,D,0.0,0.0,D,2.25,3.1,3.4,,6.0,D,1.0,1.0,0.0,0.0,D,0.0,0.0
P1,2015-09-13,Nacional,Academica,2.0,0.0,H,1.0,0.0,H,1.65,3.6,5.5,,6.0,H,3.0,0.0,2.0,2.0,H,1.0,1.0
P1,2015-09-13,Rio Ave,Sp Lisbon,1.0,2.0,A,0.0,2.0,A,7.0,4.0,1.5,,6.0,A,0.0,3.0,-1.0,3.0,A,-2.0,2.0
P1,2015-09-14,Boavista,Pacos Ferreira,0.0,1.0,A,0.0,0.0,D,2.88,3.0,2.63,,0.0,A,0.0,3.0,-1.0,1.0,D,0.0,0.0
P1,2015-09-18,Setubal,Guimaraes,2.0,2.0,D,1.0,1.0,D,2.45,3.1,3.0,,4.0,D,1.0,1.0,0.0,4.0,D,0.0,2.0
P1,2015-09-19,Pacos Ferreira,Rio Ave,0.0,3.0,A,0.0,2.0,A,1.95,3.2,4.2,,5.0,A,0.0,3.0,-3.0,3.0,A,-2.0,2.0
P1,2015-09-19,Tondela,Estoril,0.0,1.0,A,0.0,0.0,D,2.8,3.1,2.6,,5.0,A,0.0,3.0,-1.0,1.0,D,0.0,0.0
P1,2015-09-20,Academica,Boavista,0.0,2.0,A,0.0,1.0,A,2.88,3.0,2.63,,6.0,A,0.0,3.0,-2.0,2.0,A,-1.0,1.0
P1,2015-09-20,Porto,Benfica,1.0,0.0,H,0.0,0.0,D,2.0,3.2,4.0,,6.0,H,3.0,0.0,1.0,1.0,D,0.0,0.0
P1,2015-09-20,Uniao Madeira,Arouca,0.0,0.0,D,0.0,0.0,D,2.6,3.1,2.8,,6.0,D,1.0,1.0,0.0,0.0,D,0.0,0.0
P1,2015-09-21,Belenenses,Moreirense,2.0,0.0,H,2.0,0.0,H,2.1,3.25,3.5,,0.0,H,3.0,0.0,2.0,2.0,H,2.0,2.0
P1,2015-09-21,Sp Braga,Maritimo,5.0,1.0,H,2.0,1.0,H,1.75,3.5,4.75,,0.0,H,3.0,0.0,4.0,6.0,H,1.0,3.0
P1,2015-09-21,Sp Lisbon,Nacional,1.0,0.0,H,0.0,0.0,D,1.29,5.0,12.0,,0.0,H,3.0,0.0,1.0,1.0,D,0.0,0.0
P1,2015-09-25,Moreirense,Porto,2.0,2.0,D,0.0,1.0,A,15.0,5.5,1.22,,4.0,D,1.0,1.0,0.0,4.0,A,-1.0,1.0
P1,2015-09-26,Benfica,Pacos Ferreira,3.0,0.0,H,1.0,0.0,H,1.25,5.5,13.0,,5.0,H,3.0,0.0,3.0,3.0,H,1.0,1.0
P1,2015-09-26,Boavista,Sp Lisbon,0.0,0.0,D,0.0,0.0,D,9.5,5.0,1.33,,5.0,D,1.0,1.0,0.0,0.0,D,0.0,0.0
P1,2015-09-27,Arouca,Belenenses,2.0,2.0,D,0.0,1.0,A,2.4,3.0,3.2,,6.0,D,1.0,1.0,0.0,4.0,A,-1.0,1.0
P1,2015-09-27,Estoril,Uniao Madeira,2.0,1.0,H,1.0,0.0,H,1.73,3.4,5.25,,6.0,H,3.0,0.0,1.0,3.0,H,1.0,1.0
P1,2015-09-27,Guimaraes,Sp Braga,0.0,1.0,A,0.0,0.0,D,3.5,3.0,2.25,,6.0,A,0.0,3.0,-1.0,1.0,D,0.0,0.0
P1,2015-09-27,Maritimo,Tondela,1.0,0.0,H,0.0,0.0,D,1.73,3.6,4.75,,6.0,H,3.0,0.0,1.0,1.0,D,0.0,0.0
P1,2015-09-27,Nacional,Setubal,1.0,1.0,D,0.0,1.0,A,1.91,3.4,4.0,,6.0,D,1.0,1.0,0.0,2.0,A,-1.0,1.0
P1,2015-09-28,Rio Ave,Academica,1.0,0.0,H,1.0,0.0,H,1.62,3.6,6.0,,0.0,H,3.0,0.0,1.0,1.0,H,1.0,1.0
P1,2015-10-02,Setubal,Estoril,1.0,0.0,H,0.0,0.0,D,2.5,3.2,2.88,,4.0,H,3.0,0.0,1.0,1.0,D,0.0,0.0
P1,2015-10-03,Academica,Maritimo,1.0,0.0,H,0.0,0.0,D,4.0,3.1,2.05,,5.0,H,3.0,0.0,1.0,1.0,D,0.0,0.0
P1,2015-10-03,Pacos Ferreira,Nacional,3.0,1.0,H,1.0,1.0,D,2.2,3.5,3.1,,5.0,H,3.0,0.0,2.0,4.0,D,0.0,2.0
P1,2015-10-03,Rio Ave,Boavista,1.0,0.0,H,0.0,0.0,D,2.05,3.3,3.6,,5.0,H,3.0,0.0,1.0,1.0,D,0.0,0.0
P1,2015-10-03,Tondela,Moreirense,1.0,1.0,D,0.0,1.0,A,2.38,3.1,3.1,,5.0,D,1.0,1.0,0.0,2.0,A,-1.0,1.0
P1,2015-10-04,Porto,Belenenses,4.0,0.0,H,0.0,0.0,D,1.14,7.0,21.0,,6.0,H,3.0,0.0,4.0,4.0,D,0.0,0.0
P1,2015-10-04,Sp Braga,Arouca,0.0,0.0,D,0.0,0.0,D,1.53,4.0,6.0,,6.0,D,1.0,1.0,0.0,0.0,D,0.0,0.0
P1,2015-10-04,Sp Lisbon,Guimaraes,5.0,1.0,H,2.0,0.0,H,1.29,5.5,10.0,,6.0,H,3.0,0.0,4.0,6.0,H,2.0,2.0
P1,2015-10-23,Nacional,Boavista,0.0,0.0,D,0.0,0.0,D,1.91,3.25,4.33,,4.0,D,1.0,1.0,0.0,0.0,D,0.0,0.0
P1,2015-10-24,Estoril,Rio Ave,2.0,2.0,D,0.0,1.0,A,2.2,3.1,3.5,,5.0,D,1.0,1.0,0.0,4.0,A,-1.0,1.0
P1,2015-10-24,Guimaraes,Academica,1.0,1.0,D,1.0,0.0,H,1.7,3.6,5.0,,5.0,D,1.0,1.0,0.0,2.0,H,1.0,1.0
P1,2015-10-24,Maritimo,Pacos Ferreira,0.0,2.0,A,0.0,1.0,A,1.91,3.4,4.0,,5.0,A,0.0,3.0,-2.0,2.0,A,-1.0,1.0
P1,2015-10-25,Arouca,Tondela,1.0,1.0,D,0.0,0.0,D,1.85,3.2,4.75,,6.0,D,1.0,1.0,0.0,2.0,D,0.0,0.0
P1,2015-10-25,Benfica,Sp Lisbon,0.0,3.0,A,0.0,3.0,A,2.2,3.2,3.4,,6.0,A,0.0,3.0,-3.0,3.0,A,-3.0,3.0
P1,2015-10-25,Moreirense,Setubal,0.0,2.0,A,0.0,1.0,A,2.3,3.2,3.2,,6.0,A,0.0,3.0,-2.0,2.0,A,-1.0,1.0
P1,2015-10-25,Porto,Sp Braga,0.0,0.0,D,0.0,0.0,D,1.33,4.75,9.5,,6.0,D,1.0,1.0,0.0,0.0,D,0.0,0.0
P1,2015-10-26,Belenenses,Uniao Madeira,1.0,0.0,H,0.0,0.0,D,1.83,3.4,4.5,,0.0,H,3.0,0.0,1.0,1.0,D,0.0,0.0
P1,2015-10-30,Tondela,Benfica,0.0,4.0,A,0.0,3.0,A,13.0,5.25,1.25,,4.0,A,0.0,3.0,-4.0,4.0,A,-3.0,3.0
P1,2015-10-31,Sp Braga,Belenenses,4.0,0.0,H,1.0,0.0,H,1.5,4.0,6.5,,5.0,H,3.0,0.0,4.0,4.0,H,1.0,1.0
P1,2015-10-31,Sp Lisbon,Estoril,1.0,0.0,H,0.0,0.0,D,1.2,6.0,15.0,,5.0,H,3.0,0.0,1.0,1.0,D,0.0,0.0
P1,2015-11-01,Academica,Moreirense,1.0,1.0,D,1.0,0.0,H,2.35,3.0,3.25,,6.0,D,1.0,1.0,0.0,2.0,H,1.0,1.0
P1,2015-11-01,Boavista,Maritimo,0.0,1.0,A,0.0,1.0,A,2.7,3.2,2.6,,6.0,A,0.0,3.0,-1.0,1.0,A,-1.0,1.0
P1,2015-11-01,Rio Ave,Nacional,1.0,0.0,H,0.0,0.0,D,2.3,3.1,3.3,,6.0,H,3.0,0.0,1.0,1.0,D,0.0,0.0
P1,2015-11-01,Setubal,Arouca,0.0,0.0,D,0.0,0.0,D,2.1,3.1,3.75,,6.0,D,1.0,1.0,0.0,0.0,D,0.0,0.0
P1,2015-11-02,Pacos Ferreira,Guimaraes,0.0,1.0,A,0.0,0.0,D,2.15,3.2,3.5,,0.0,A,0.0,3.0,-1.0,1.0,D,0.0,0.0
P1,2015-11-06,Estoril,Academica,1.0,1.0,D,1.0,0.0,H,1.75,3.4,5.0,,4.0,D,1.0,1.0,0.0,2.0,H,1.0,1.0
P1,2015-11-07,Guimaraes,Nacional,0.0,1.0,A,0.0,1.0,A,2.1,3.25,3.5,,5.0,A,0.0,3.0,-1.0,1.0,A,-1.0,1.0
P1,2015-11-08,Arouca,Sp Lisbon,0.0,1.0,A,0.0,0.0,D,9.0,4.5,1.36,,6.0,A,0.0,3.0,-1.0,1.0,D,0.0,0.0
P1,2015-11-08,Benfica,Boavista,2.0,0.0,H,1.0,0.0,H,1.14,7.5,19.0,,6.0,H,3.0,0.0,2.0,2.0,H,1.0,1.0
P1,2015-11-08,Maritimo,Rio Ave,3.0,2.0,H,2.0,0.0,H,2.1,3.1,3.8,,6.0,H,3.0,0.0,1.0,5.0,H,2.0,2.0
P1,2015-11-08,Moreirense,Pacos Ferreira,2.0,0.0,H,1.0,0.0,H,2.63,3.1,2.75,,6.0,H,3.0,0.0,2.0,2.0,H,1.0,1.0
P1,2015-11-08,Porto,Setubal,2.0,0.0,H,0.0,0.0,D,1.18,7.0,13.0,,6.0,H,3.0,0.0,2.0,2.0,D,0.0,0.0
P1,2015-11-09,Belenenses,Tondela,2.0,1.0,H,1.0,0.0,H,1.75,3.5,4.75,,0.0,H,3.0,0.0,1.0,3.0,H,1.0,1.0
P1,2015-11-09,Uniao Madeira,Sp Braga,0.0,1.0,A,0.0,0.0,D,4.0,3.4,1.91,,0.0,A,0.0,3.0,-1.0,1.0,D,0.0,0.0
P1,2015-11-27,Nacional,Maritimo,3.0,1.0,H,1.0,1.0,D,2.38,3.1,3.1,,4.0,H,3.0,0.0,2.0,4.0,D,0.0,2.0
P1,2015-11-28,Boavista,Guimaraes,1.0,2.0,A,1.0,0.0,H,2.5,3.0,3.0,,5.0,A,0.0,3.0,-1.0,3.0,H,1.0,1.0
P1,2015-11-28,Setubal,Uniao Madeira,2.0,2.0,D,1.0,0.0,H,1.91,3.2,4.33,,5.0,D,1.0,1.0,0.0,4.0,H,1.0,1.0
P1,2015-11-28,Tondela,Porto,0.0,1.0,A,0.0,1.0,A,19.0,6.5,1.17,,5.0,A,0.0,3.0,-1.0,1.0,A,-1.0,1.0
P1,2015-11-29,Academica,Arouca,1.0,1.0,D,1.0,1.0,D,2.5,3.0,3.0,,6.0,D,1.0,1.0,0.0,2.0,D,0.0,2.0
P1,2015-11-29,Pacos Ferreira,Estoril,2.0,0.0,H,1.0,0.0,H,2.1,3.1,3.8,,6.0,H,3.0,0.0,2.0,2.0,H,1.0,1.0
P1,2015-11-29,Rio Ave,Moreirense,0.0,1.0,A,0.0,0.0,D,1.83,3.4,4.5,,6.0,A,0.0,3.0,-1.0,1.0,D,0.0,0.0
P1,2015-11-30,Sp Braga,Benfica,0.0,2.0,A,0.0,2.0,A,3.0,3.25,2.38,,0.0,A,0.0,3.0,-2.0,2.0,A,-2.0,2.0
P1,2015-11-30,Sp Lisbon,Belenenses,1.0,0.0,H,0.0,0.0,D,1.17,7.5,13.0,,0.0,H,3.0,0.0,1.0,1.0,D,0.0,0.0
P1,2015-12-02,Uniao Madeira,Porto,0.0,4.0,A,0.0,3.0,A,11.0,5.0,1.29,,2.0,A,0.0,3.0,-4.0,4.0,A,-3.0,3.0
P1,2015-12-04,Benfica,Academica,3.0,0.0,H,1.0,0.0,H,1.17,6.5,19.0,,4.0,H,3.0,0.0,3.0,3.0,H,1.0,1.0
P1,2015-12-05,Belenenses,Setubal,0.0,3.0,A,0.0,2.0,A,2.3,3.0,3.4,,5.0,A,0.0,3.0,-3.0,3.0,A,-2.0,2.0
P1,2015-12-05,Maritimo,Sp Lisbon,0.0,1.0,A,0.0,0.0,D,7.5,3.8,1.5,,5.0,A,0.0,3.0,-1.0,1.0,D,0.0,0.0
P1,2015-12-05,Porto,Pacos Ferreira,2.0,1.0,H,1.0,1.0,D,1.18,6.5,15.0,,5.0,H,3.0,0.0,1.0,3.0,D,0.0,2.0
P1,2015-12-06,Arouca,Boavista,3.0,2.0,H,2.0,2.0,D,2.15,3.0,3.75,,6.0,H,3.0,0.0,1.0,5.0,D,0.0,4.0
P1,2015-12-06,Estoril,Nacional,1.0,1.0,D,0.0,0.0,D,2.38,3.1,3.1,,6.0,D,1.0,1.0,0.0,2.0,D,0.0,0.0
P1,2015-12-06,Moreirense,Sp Braga,0.0,0.0,D,0.0,0.0,D,5.75,3.3,1.7,,6.0,D,1.0,1.0,0.0,0.0,D,0.0,0.0
P1,2015-12-06,Uniao Madeira,Tondela,2.0,0.0,H,1.0,0.0,H,2.1,3.0,4.0,,6.0,H,3.0,0.0,2.0,2.0,H,1.0,1.0
P1,2015-12-07,Guimaraes,Rio Ave,3.0,1.0,H,1.0,1.0,D,2.3,3.1,3.3,,0.0,H,3.0,0.0,2.0,4.0,D,0.0,2.0
P1,2015-12-11,Boavista,Estoril,1.0,1.0,D,1.0,1.0,D,2.6,2.9,3.0,,4.0,D,1.0,1.0,0.0,2.0,D,0.0,2.0
P1,2015-12-12,Guimaraes,Maritimo,3.0,4.0,A,1.0,2.0,A,2.4,3.0,3.2,,5.0,A,0.0,3.0,-1.0,7.0,A,-1.0,3.0
P1,2015-12-12,Pacos Ferreira,Uniao Madeira,6.0,0.0,H,3.0,0.0,H,1.8,3.2,5.0,,5.0,H,3.0,0.0,6.0,6.0,H,3.0,3.0
P1,2015-12-12,Rio Ave,Arouca,3.0,1.0,H,1.0,0.0,H,2.0,3.1,4.2,,5.0,H,3.0,0.0,2.0,4.0,H,1.0,1.0
P1,2015-12-12,Setubal,Benfica,2.0,4.0,A,0.0,2.0,A,7.0,4.33,1.44,,5.0,A,0.0,3.0,-2.0,6.0,A,-2.0,2.0
P1,2015-12-13,Sp Lisbon,Moreirense,3.0,1.0,H,2.0,0.0,H,1.17,7.0,15.0,,6.0,H,3.0,0.0,2.0,4.0,H,2.0,2.0
P1,2015-12-13,Tondela,Sp Braga,0.0,1.0,A,0.0,0.0,D,7.0,3.75,1.53,,6.0,A,0.0,3.0,-1.0,1.0,D,0.0,0.0
P1,2015-12-14,Academica,Belenenses,4.0,3.0,H,2.0,1.0,H,2.5,3.0,3.0,,0.0,H,3.0,0.0,1.0,7.0,H,1.0,3.0
P1,2015-12-14,Nacional,Porto,1.0,2.0,A,1.0,2.0,A,7.5,4.5,1.4,,0.0,A,0.0,3.0,-1.0,3.0,A,-1.0,3.0
P1,2015-12-15,Uniao Madeira,Benfica,0.0,0.0,D,0.0,0.0,D,10.0,4.75,1.33,,1.0,D,1.0,1.0,0.0,0.0,D,0.0,0.0
P1,2015-12-19,Arouca,Maritimo,4.0,1.0,H,2.0,0.0,H,2.5,3.2,2.88,,5.0,H,3.0,0.0,3.0,5.0,H,2.0,2.0
P1,2015-12-19,Estoril,Guimaraes,0.0,1.0,A,0.0,1.0,A,2.2,3.1,3.5,,5.0,A,0.0,3.0,-1.0,1.0,A,-1.0,1.0
P1,2015-12-20,Benfica,Rio Ave,3.0,1.0,H,1.0,1.0,D,1.29,4.5,15.0,,6.0,H,3.0,0.0,2.0,4.0,D,0.0,2.0
P1,2015-12-20,Moreirense,Nacional,2.0,0.0,H,2.0,0.0,H,2.5,3.25,2.8,,6.0,H,3.0,0.0,2.0,2.0,H,2.0,2.0
P1,2015-12-20,Porto,Academica,3.0,1.0,H,1.0,0.0,H,1.14,7.0,21.0,,6.0,H,3.0,0.0,2.0,4.0,H,1.0,1.0
P1,2015-12-20,Tondela,Setubal,1.0,3.0,A,1.0,3.0,A,2.8,3.25,2.5,,6.0,A,0.0,3.0,-2.0,4.0,A,-2.0,4.0
P1,2015-12-20,Uniao Madeira,Sp Lisbon,1.0,0.0,H,0.0,0.0,D,9.0,5.0,1.33,,6.0,H,3.0,0.0,1.0,1.0,D,0.0,0.0
P1,2015-12-21,Belenenses,Boavista,1.0,0.0,H,1.0,0.0,H,2.2,3.1,3.5,,0.0,H,3.0,0.0,1.0,1.0,H,1.0,1.0
P1,2015-12-21,Sp Braga,Pacos Ferreira,1.0,1.0,D,1.0,0.0,H,1.62,3.4,6.5,,0.0,D,1.0,1.0,0.0,2.0,H,1.0,1.0
P1,2016-01-02,Academica,Uniao Madeira,3.0,1.0,H,1.0,1.0,D,2.38,3.0,3.2,,5.0,H,3.0,0.0,2.0,4.0,D,0.0,2.0
P1,2016-01-02,Boavista,Moreirense,0.0,3.0,A,0.0,1.0,A,2.5,3.0,3.0,,5.0,A,0.0,3.0,-3.0,3.0,A,-1.0,1.0
P1,2016-01-02,Guimaraes,Benfica,0.0,1.0,A,0.0,0.0,D,6.5,3.8,1.53,,5.0,A,0.0,3.0,-1.0,1.0,D,0.0,0.0
P1,2016-01-02,Maritimo,Estoril,1.0,1.0,D,1.0,0.0,H,1.91,3.3,4.2,,5.0,D,1.0,1.0,0.0,2.0,H,1.0,1.0
P1,2016-01-02,Nacional,Arouca,2.0,2.0,D,1.0,2.0,A,2.05,3.1,4.0,,5.0,D,1.0,1.0,0.0,4.0,A,-1.0,3.0
P1,2016-01-02,Pacos Ferreira,Belenenses,2.0,2.0,D,1.0,1.0,D,1.85,3.5,4.2,,5.0,D,1.0,1.0,0.0,4.0,D,0.0,2.0
P1,2016-01-02,Setubal,Sp Braga,1.0,1.0,D,1.0,0.0,H,4.0,3.4,1.91,,5.0,D,1.0,1.0,0.0,2.0,H,1.0,1.0
P1,2016-01-02,Sp Lisbon,Porto,2.0,0.0,H,1.0,0.0,H,2.4,3.2,3.0,,5.0,H,3.0,0.0,2.0,2.0,H,1.0,1.0
P1,2016-01-03,Rio Ave,Tondela,2.0,3.0,A,1.0,0.0,H,1.57,3.5,7.0,,6.0,A,0.0,3.0,-1.0,5.0,H,1.0,1.0
P1,2016-01-06,Arouca,Estoril,1.0,0.0,H,1.0,0.0,H,2.38,3.1,3.1,,2.0,H,3.0,0.0,1.0,1.0,H,1.0,1.0
P1,2016-01-06,Belenenses,Nacional,2.0,2.0,D,0.0,1.0,A,2.45,3.1,3.0,,2.0,D,1.0,1.0,0.0,4.0,A,-1.0,1.0
P1,2016-01-06,Benfica,Maritimo,6.0,0.0,H,3.0,0.0,H,1.33,5.0,9.0,,2.0,H,3.0,0.0,6.0,6.0,H,3.0,3.0
P1,2016-01-06,Moreirense,Guimaraes,3.0,4.0,A,1.0,3.0,A,2.63,3.1,2.75,,2.0,A,0.0,3.0,-1.0,7.0,A,-2.0,4.0
P1,2016-01-06,Porto,Rio Ave,1.0,1.0,D,1.0,1.0,D,1.18,6.5,15.0,,2.0,D,1.0,1.0,0.0,2.0,D,0.0,2.0
P1,2016-01-06,Setubal,Sp Lisbon,0.0,6.0,A,0.0,2.0,A,8.5,4.33,1.4,,2.0,A,0.0,3.0,-6.0,6.0,A,-2.0,2.0
P1,2016-01-06,Sp Braga,Academica,3.0,0.0,H,2.0,0.0,H,1.3,5.0,11.0,,2.0,H,3.0,0.0,3.0,3.0,H,2.0,2.0
P1,2016-01-06,Tondela,Pacos Ferreira,0.0,2.0,A,0.0,1.0,A,3.5,3.1,2.2,,2.0,A,0.0,3.0,-2.0,2.0,A,-1.0,1.0
P1,2016-01-06,Uniao Madeira,Boavista,1.0,0.0,H,0.0,0.0,D,2.25,3.0,3.5,,2.0,H,3.0,0.0,1.0,1.0,D,0.0,0.0
P1,2016-01-09,Guimaraes,Arouca,2.0,2.0,D,2.0,0.0,H,2.0,3.3,3.8,,5.0,D,1.0,1.0,0.0,4.0,H,2.0,2.0
P1,2016-01-10,Academica,Tondela,2.0,1.0,H,0.0,1.0,A,2.0,3.1,4.2,,6.0,H,3.0,0.0,1.0,3.0,A,-1.0,1.0
P1,2016-01-10,Boavista,Porto,0.0,5.0,A,0.0,1.0,A,15.0,5.25,1.25,,6.0,A,0.0,3.0,-5.0,5.0,A,-1.0,1.0
P1,2016-01-10,Estoril,Belenenses,2.0,0.0,H,0.0,0.0,D,2.1,3.1,3.75,,6.0,H,3.0,0.0,2.0,2.0,D,0.0,0.0
P1,2016-01-10,Maritimo,Moreirense,5.0,1.0,H,2.0,0.0,H,2.0,3.2,4.0,,6.0,H,3.0,0.0,4.0,6.0,H,2.0,2.0
P1,2016-01-10,Rio Ave,Uniao Madeira,1.0,0.0,H,1.0,0.0,H,1.75,3.5,4.75,,6.0,H,3.0,0.0,1.0,1.0,H,1.0,1.0
P1,2016-01-10,Sp Lisbon,Sp Braga,3.0,2.0,H,0.0,2.0,A,1.57,3.8,6.0,,6.0,H,3.0,0.0,1.0,5.0,A,-2.0,2.0
P1,2016-01-11,Nacional,Benfica,1.0,4.0,A,0.0,1.0,A,5.0,4.0,1.62,,0.0,A,0.0,3.0,-3.0,5.0,A,-1.0,1.0
P1,2016-01-11,Pacos Ferreira,Setubal,2.0,1.0,H,1.0,1.0,D,1.85,3.3,4.5,,0.0,H,3.0,0.0,1.0,3.0,D,0.0,2.0
P1,2016-01-15,Sp Lisbon,Tondela,2.0,2.0,D,0.0,1.0,A,1.08,10.0,23.0,,4.0,D,1.0,1.0,0.0,4.0,A,-1.0,1.0
P1,2016-01-16,Academica,Pacos Ferreira,1.0,1.0,D,1.0,1.0,D,3.0,3.2,2.38,,5.0,D,1.0,1.0,0.0,2.0,D,0.0,2.0
P1,2016-01-16,Estoril,Benfica,1.0,2.0,A,1.0,0.0,H,8.0,4.0,1.45,,5.0,A,0.0,3.0,-1.0,3.0,H,1.0,1.0
P1,2016-01-16,Maritimo,Uniao Madeira,0.0,1.0,A,0.0,0.0,D,1.67,3.75,5.0,,5.0,A,0.0,3.0,-1.0,1.0,D,0.0,0.0
P1,2016-01-17,Arouca,Moreirense,1.0,2.0,A,1.0,1.0,D,2.05,3.2,3.8,,6.0,A,0.0,3.0,-1.0,3.0,D,0.0,2.0
P1,2016-01-17,Guimaraes,Porto,1.0,0.0,H,1.0,0.0,H,8.5,4.33,1.4,,6.0,H,3.0,0.0,1.0,1.0,H,1.0,1.0
P1,2016-01-17,Nacional,Sp Braga,2.0,3.0,A,1.0,1.0,D,4.0,3.4,1.91,,6.0,A,0.0,3.0,-1.0,5.0,D,0.0,2.0
P1,2016-01-17,Rio Ave,Belenenses,1.0,2.0,A,1.0,2.0,A,1.8,3.5,4.5,,6.0,A,0.0,3.0,-1.0,3.0,A,-1.0,3.0
P1,2016-01-18,Boavista,Setubal,4.0,0.0,H,1.0,0.0,H,2.7,3.0,2.8,,0.0,H,3.0,0.0,4.0,4.0,H,1.0,1.0
P1,2016-01-22,Setubal,Academica,2.0,1.0,H,1.0,0.0,H,2.25,3.0,3.5,,4.0,H,3.0,0.0,1.0,3.0,H,1.0,1.0
P1,2016-01-23,Benfica,Arouca,3.0,1.0,H,2.0,0.0,H,1.17,6.5,19.0,,5.0,H,3.0,0.0,2.0,4.0,H,2.0,2.0
P1,2016-01-23,Moreirense,Estoril,1.0,3.0,A,1.0,2.0,A,2.38,3.0,3.2,,5.0,A,0.0,3.0,-2.0,4.0,A,-1.0,3.0
P1,2016-01-23,Pacos Ferreira,Sp Lisbon,1.0,3.0,A,0.0,1.0,A,8.5,4.0,1.44,,5.0,A,0.0,3.0,-2.0,4.0,A,-1.0,1.0
P1,2016-01-23,Uniao Madeira,Nacional,3.0,0.0,H,2.0,0.0,H,3.1,3.1,2.38,,5.0,H,3.0,0.0,3.0,3.0,H,2.0,2.0
P1,2016-01-24,Belenenses,Guimaraes,3.0,3.0,D,2.0,2.0,D,2.6,3.0,2.9,,6.0,D,1.0,1.0,0.0,6.0,D,0.0,4.0
P1,2016-01-24,Porto,Maritimo,1.0,0.0,H,1.0,0.0,H,1.17,6.5,17.0,,6.0,H,3.0,0.0,1.0,1.0,H,1.0,1.0
P1,2016-01-24,Sp Braga,Rio Ave,5.0,1.0,H,2.0,0.0,H,1.53,3.9,6.25,,6.0,H,3.0,0.0,4.0,6.0,H,2.0,2.0
P1,2016-01-25,Tondela,Boavista,1.0,2.0,A,1.0,1.0,D,2.5,3.0,3.0,,0.0,A,0.0,3.0,-1.0,3.0,D,0.0,2.0
P1,2016-01-29,Guimaraes,Uniao Madeira,3.0,1.0,H,1.0,1.0,D,1.62,3.75,5.75,,4.0,H,3.0,0.0,2.0,4.0,D,0.0,2.0
P1,2016-01-30,Estoril,Porto,1.0,3.0,A,1.0,2.0,A,9.0,5.0,1.33,,5.0,A,0.0,3.0,-2.0,4.0,A,-1.0,3.0
P1,2016-01-30,Sp Lisbon,Academica,3.0,2.0,H,2.0,1.0,H,1.17,7.0,15.0,,5.0,H,3.0,0.0,1.0,5.0,H,1.0,3.0
P1,2016-01-31,Arouca,Pacos Ferreira,2.0,2.0,D,0.0,1.0,A,2.5,3.1,2.9,,6.0,D,1.0,1.0,0.0,4.0,A,-1.0,1.0
P1,2016-01-31,Boavista,Sp Braga,0.0,0.0,D,0.0,0.0,D,6.0,3.6,1.6,,6.0,D,1.0,1.0,0.0,0.0,D,0.0,0.0
P1,2016-01-31,Moreirense,Benfica,1.0,4.0,A,0.0,2.0,A,11.0,5.0,1.29,,6.0,A,0.0,3.0,-3.0,5.0,A,-2.0,2.0
P1,2016-01-31,Nacional,Tondela,3.0,1.0,H,2.0,0.0,H,1.62,3.5,6.25,,6.0,H,3.0,0.0,2.0,4.0,H,2.0,2.0
P1,2016-01-31,Rio Ave,Setubal,2.0,1.0,H,2.0,0.0,H,1.83,3.25,4.75,,6.0,H,3.0,0.0,1.0,3.0,H,2.0,2.0
P1,2016-02-01,Maritimo,Belenenses,1.0,2.0,A,0.0,1.0,A,1.85,3.4,4.33,,0.0,A,0.0,3.0,-1.0,3.0,A,-1.0,1.0
P1,2016-02-05,Belenenses,Benfica,0.0,5.0,A,0.0,1.0,A,11.0,4.75,1.3,,4.0,A,0.0,3.0,-5.0,5.0,A,-1.0,1.0
P1,2016-02-06,Setubal,Maritimo,1.0,1.0,D,1.0,0.0,H,2.75,3.25,2.55,,5.0,D,1.0,1.0,0.0,2.0,H,1.0,1.0
P1,2016-02-06,Tondela,Guimaraes,1.0,1.0,D,1.0,1.0,D,3.8,3.2,2.05,,5.0,D,1.0,1.0,0.0,2.0,D,0.0,2.0
P1,2016-02-07,Academica,Nacional,2.0,2.0,D,1.0,0.0,H,2.8,3.2,2.55,,6.0,D,1.0,1.0,0.0,4.0,H,1.0,1.0
P1,2016-02-07,Pacos Ferreira,Boavista,0.0,1.0,A,0.0,0.0,D,2.0,3.1,4.2,,6.0,A,0.0,3.0,-1.0,1.0,D,0.0,0.0
P1,2016-02-07,Porto,Arouca,1.0,2.0,A,1.0,1.0,D,1.17,6.5,19.0,,6.0,A,0.0,3.0,-1.0,3.0,D,0.0,2.0
P1,2016-02-07,Uniao Madeira,Moreirense,0.0,1.0,A,0.0,1.0,A,2.3,3.3,3.1,,6.0,A,0.0,3.0,-1.0,1.0,A,-1.0,1.0
P1,2016-02-08,Sp Braga,Estoril,2.0,0.0,H,0.0,0.0,D,1.5,4.0,7.0,,0.0,H,3.0,0.0,2.0,2.0,D,0.0,0.0
P1,2016-02-08,Sp Lisbon,Rio Ave,0.0,0.0,D,0.0,0.0,D,1.22,5.5,15.0,,0.0,D,1.0,1.0,0.0,0.0,D,0.0,0.0
P1,2016-02-12,Benfica,Porto,1.0,2.0,A,1.0,1.0,D,2.15,3.1,3.5,,4.0,A,0.0,3.0,-1.0,3.0,D,0.0,2.0
P1,2016-02-13,Guimaraes,Setubal,2.0,2.0,D,1.0,1.0,D,1.8,3.3,4.75,,5.0,D,1.0,1.0,0.0,4.0,D,0.0,2.0
P1,2016-02-13,Moreirense,Belenenses,2.0,3.0,A,1.0,2.0,A,2.3,3.1,3.3,,5.0,A,0.0,3.0,-1.0,5.0,A,-1.0,3.0
P1,2016-02-13,Nacional,Sp Lisbon,0.0,4.0,A,0.0,1.0,A,7.0,4.33,1.44,,5.0,A,0.0,3.0,-4.0,4.0,A,-1.0,1.0
P1,2016-02-14,Arouca,Uniao Madeira,3.0,0.0,H,1.0,0.0,H,1.75,3.5,4.75,,6.0,H,3.0,0.0,3.0,3.0,H,1.0,1.0
P1,2016-02-14,Boavista,Academica,0.0,0.0,D,0.0,0.0,D,2.05,3.1,4.0,,6.0,D,1.0,1.0,0.0,0.0,D,0.0,0.0
P1,2016-02-14,Estoril,Tondela,2.0,1.0,H,1.0,1.0,D,1.85,3.4,4.33,,6.0,H,3.0,0.0,1.0,3.0,D,0.0,2.0
P1,2016-02-14,Maritimo,Sp Braga,1.0,3.0,A,1.0,3.0,A,4.5,3.4,1.83,,6.0,A,0.0,3.0,-2.0,4.0,A,-2.0,4.0
P1,2016-02-15,Rio Ave,Pacos Ferreira,1.0,1.0,D,0.0,1.0,A,1.95,3.2,4.2,,0.0,D,1.0,1.0,0.0,2.0,A,-1.0,1.0
P1,2016-02-19,Uniao Madeira,Estoril,1.0,1.0,D,1.0,0.0,H,2.6,3.0,2.9,,4.0,D,1.0,1.0,0.0,2.0,H,1.0,1.0
P1,2016-02-20,Academica,Rio Ave,0.0,2.0,A,0.0,1.0,A,2.88,3.0,2.63,,5.0,A,0.0,3.0,-2.0,2.0,A,-1.0,1.0
P1,2016-02-20,Pacos Ferreira,Benfica,1.0,3.0,A,1.0,2.0,A,9.0,5.0,1.33,,5.0,A,0.0,3.0,-2.0,4.0,A,-1.0,3.0
P1,2016-02-21,Belenenses,Arouca,0.0,2.0,A,0.0,0.0,D,2.38,3.1,3.1,,6.0,A,0.0,3.0,-2.0,2.0,D,0.0,0.0
P1,2016-02-21,Porto,Moreirense,3.0,2.0,H,1.0,2.0,A,1.2,6.5,13.0,,6.0,H,3.0,0.0,1.0,5.0,A,-1.0,3.0
P1,2016-02-21,Setubal,Nacional,1.0,1.0,D,0.0,1.0,A,2.9,3.1,2.5,,6.0,D,1.0,1.0,0.0,2.0,A,-1.0,1.0
P1,2016-02-21,Sp Braga,Guimaraes,3.0,3.0,D,2.0,2.0,D,1.55,3.6,7.0,,6.0,D,1.0,1.0,0.0,6.0,D,0.0,4.0
P1,2016-02-21,Tondela,Maritimo,3.0,4.0,A,1.0,2.0,A,2.9,3.1,2.5,,6.0,A,0.0,3.0,-1.0,7.0,A,-1.0,3.0
P1,2016-02-22,Sp Lisbon,Boavista,2.0,0.0,H,2.0,0.0,H,1.22,6.0,13.0,,0.0,H,3.0,0.0,2.0,2.0,H,2.0,2.0
P1,2016-02-26,Nacional,Pacos Ferreira,3.0,0.0,H,1.0,0.0,H,2.0,3.3,3.75,,4.0,H,3.0,0.0,3.0,3.0,H,1.0,1.0
P1,2016-02-27,Arouca,Sp Braga,0.0,0.0,D,0.0,0.0,D,4.0,3.1,2.05,,5.0,D,1.0,1.0,0.0,0.0,D,0.0,0.0
P1,2016-02-27,Boavista,Rio Ave,1.0,2.0,A,0.0,1.0,A,2.9,3.0,2.6,,5.0,A,0.0,3.0,-1.0,3.0,A,-1.0,1.0
P1,2016-02-27,Estoril,Setubal,3.0,0.0,H,2.0,0.0,H,2.1,3.2,3.6,,5.0,H,3.0,0.0,3.0,3.0,H,2.0,2.0
P1,2016-02-28,Belenenses,Porto,1.0,2.0,A,0.0,2.0,A,11.0,4.5,1.33,,6.0,A,0.0,3.0,-1.0,3.0,A,-2.0,2.0
P1,2016-02-28,Maritimo,Academica,1.0,0.0,H,0.0,0.0,D,1.83,3.5,4.33,,6.0,H,3.0,0.0,1.0,1.0,D,0.0,0.0
P1,2016-02-28,Moreirense,Tondela,1.0,2.0,A,1.0,1.0,D,1.8,3.5,4.5,,6.0,A,0.0,3.0,-1.0,3.0,D,0.0,2.0
P1,2016-02-29,Benfica,Uniao Madeira,2.0,0.0,H,1.0,0.0,H,1.13,8.0,21.0,,0.0,H,3.0,0.0,2.0,2.0,H,1.0,1.0
P1,2016-02-29,Guimaraes,Sp Lisbon,0.0,0.0,D,0.0,0.0,D,6.5,3.6,1.57,,0.0,D,1.0,1.0,0.0,0.0,D,0.0,0.0
P1,2016-03-04,Pacos Ferreira,Maritimo,2.0,2.0,D,0.0,0.0,D,2.45,3.25,2.9,,4.0,D,1.0,1.0,0.0,4.0,D,0.0,0.0
P1,2016-03-05,Sp Lisbon,Benfica,0.0,1.0,A,0.0,1.0,A,2.4,3.1,3.1,,5.0,A,0.0,3.0,-1.0,1.0,A,-1.0,1.0
P1,2016-03-06,Academica,Guimaraes,2.0,0.0,H,0.0,0.0,D,3.1,3.2,2.3,,6.0,H,3.0,0.0,2.0,2.0,D,0.0,0.0
P1,2016-03-06,Boavista,Nacional,0.0,1.0,A,0.0,1.0,A,2.6,3.1,2.8,,6.0,A,0.0,3.0,-1.0,1.0,A,-1.0,1.0
P1,2016-03-06,Setubal,Moreirense,0.0,1.0,A,0.0,0.0,D,2.38,3.2,3.0,,6.0,A,0.0,3.0,-1.0,1.0,D,0.0,0.0
P1,2016-03-06,Sp Braga,Porto,3.0,1.0,H,0.0,0.0,D,4.0,3.5,1.91,,6.0,H,3.0,0.0,2.0,4.0,D,0.0,0.0
P1,2016-03-06,Tondela,Arouca,0.0,1.0,A,0.0,0.0,D,3.1,3.0,2.45,,6.0,A,0.0,3.0,-1.0,1.0,D,0.0,0.0
P1,2016-03-06,Uniao Madeira,Belenenses,0.0,0.0,D,0.0,0.0,D,2.9,3.1,2.5,,6.0,D,1.0,1.0,0.0,0.0,D,0.0,0.0
P1,2016-03-07,Rio Ave,Estoril,1.0,3.0,A,0.0,1.0,A,2.0,3.3,3.8,,0.0,A,0.0,3.0,-2.0,4.0,A,-1.0,1.0
P1,2016-03-11,Maritimo,Boavista,0.0,3.0,A,0.0,0.0,D,1.91,3.3,4.2,,4.0,A,0.0,3.0,-3.0,3.0,D,0.0,0.0
P1,2016-03-12,Estoril,Sp Lisbon,1.0,2.0,A,0.0,2.0,A,9.0,4.2,1.4,,5.0,A,0.0,3.0,-1.0,3.0,A,-2.0,2.0
P1,2016-03-12,Porto,Uniao Madeira,3.0,2.0,H,1.0,0.0,H,1.17,7.0,15.0,,5.0,H,3.0,0.0,1.0,5.0,H,1.0,1.0
P1,2016-03-13,Arouca,Setubal,1.0,0.0,H,1.0,0.0,H,1.91,3.2,4.33,,6.0,H,3.0,0.0,1.0,1.0,H,1.0,1.0
P1,2016-03-13,Belenenses,Sp Braga,3.0,0.0,H,0.0,0.0,D,3.6,3.2,2.1,,6.0,H,3.0,0.0,3.0,3.0,D,0.0,0.0
P1,2016-03-13,Guimaraes,Pacos Ferreira,0.0,1.0,A,0.0,1.0,A,2.0,3.2,4.0,,6.0,A,0.0,3.0,-1.0,1.0,A,-1.0,1.0
P1,2016-03-13,Moreirense,Academica,2.0,2.0,D,0.0,1.0,A,2.1,3.25,3.5,,6.0,D,1.0,1.0,0.0,4.0,A,-1.0,1.0
P1,2016-03-13,Nacional,Rio Ave,1.0,0.0,H,0.0,0.0,D,2.25,3.2,3.3,,6.0,H,3.0,0.0,1.0,1.0,D,0.0,0.0
P1,2016-03-14,Benfica,Tondela,4.0,1.0,H,2.0,0.0,H,1.11,8.0,26.0,,0.0,H,3.0,0.0,3.0,5.0,H,2.0,2.0
P1,2016-03-18,Rio Ave,Maritimo,1.0,0.0,H,1.0,0.0,H,1.83,3.6,4.2,,4.0,H,3.0,0.0,1.0,1.0,H,1.0,1.0
P1,2016-03-19,Setubal,Porto,0.0,1.0,A,0.0,1.0,A,9.0,5.0,1.33,,5.0,A,0.0,3.0,-1.0,1.0,A,-1.0,1.0
P1,2016-03-19,Sp Lisbon,Arouca,5.0,1.0,H,4.0,0.0,H,1.2,6.0,15.0,,5.0,H,3.0,0.0,4.0,6.0,H,4.0,4.0
P1,2016-03-20,Academica,Estoril,0.0,3.0,A,0.0,2.0,A,2.38,3.2,3.0,,6.0,A,0.0,3.0,-3.0,3.0,A,-2.0,2.0
P1,2016-03-20,Boavista,Benfica,0.0,1.0,A,0.0,0.0,D,13.0,5.25,1.25,,6.0,A,0.0,3.0,-1.0,1.0,D,0.0,0.0
P1,2016-03-20,Nacional,Guimaraes,3.0,2.0,H,1.0,2.0,A,2.3,3.1,3.25,,6.0,H,3.0,0.0,1.0,5.0,A,-1.0,3.0
P1,2016-03-20,Pacos Ferreira,Moreirense,0.0,0.0,D,0.0,0.0,D,2.0,3.3,3.8,,6.0,D,1.0,1.0,0.0,0.0,D,0.0,0.0
P1,2016-03-20,Sp Braga,Uniao Madeira,2.0,0.0,H,1.0,0.0,H,1.33,5.0,9.0,,6.0,H,3.0,0.0,2.0,2.0,H,1.0,1.0
P1,2016-03-20,Tondela,Belenenses,2.0,2.0,D,0.0,1.0,A,3.1,3.1,2.4,,6.0,D,1.0,1.0,0.0,4.0,A,-1.0,1.0
P1,2016-04-01,Benfica,Sp Braga,5.0,1.0,H,3.0,0.0,H,1.53,3.75,7.0,,4.0,H,3.0,0.0,4.0,6.0,H,3.0,3.0
P1,2016-04-02,Arouca,Academica,3.0,2.0,H,3.0,1.0,H,2.1,3.25,3.6,,5.0,H,3.0,0.0,1.0,5.0,H,2.0,4.0
P1,2016-04-02,Guimaraes,Boavista,1.0,1.0,D,1.0,1.0,D,2.05,3.1,4.0,,5.0,D,1.0,1.0,0.0,2.0,D,0.0,2.0
P1,2016-04-02,Maritimo,Nacional,2.0,0.0,H,0.0,0.0,D,2.38,3.2,3.0,,5.0,H,3.0,0.0,2.0,2.0,D,0.0,0.0
P1,2016-04-03,Estoril,Pacos Ferreira,1.0,0.0,H,1.0,0.0,H,2.2,3.2,3.4,,6.0,H,3.0,0.0,1.0,1.0,H,1.0,1.0
P1,2016-04-03,Moreirense,Rio Ave,0.0,1.0,A,0.0,0.0,D,2.8,3.3,2.45,,6.0,A,0.0,3.0,-1.0,1.0,D,0.0,0.0
P1,2016-04-03,Uniao Madeira,Setubal,2.0,2.0,D,2.0,0.0,H,2.25,3.1,3.4,,6.0,D,1.0,1.0,0.0,4.0,H,2.0,2.0
P1,2016-04-04,Belenenses,Sp Lisbon,2.0,5.0,A,0.0,2.0,A,9.0,5.0,1.33,,0.0,A,0.0,3.0,-3.0,7.0,A,-2.0,2.0
P1,2016-04-04,Porto,Tondela,0.0,1.0,A,0.0,0.0,D,1.1,9.0,23.0,,0.0,A,0.0,3.0,-1.0,1.0,D,0.0,0.0
P1,2016-04-08,Boavista,Arouca,0.0,0.0,D,0.0,0.0,D,2.38,3.0,3.25,,4.0,D,1.0,1.0,0.0,0.0,D,0.0,0.0
P1,2016-04-09,Academica,Benfica,1.0,2.0,A,1.0,1.0,D,12.0,4.75,1.3,,5.0,A,0.0,3.0,-1.0,3.0,D,0.0,2.0
P1,2016-04-09,Sp Lisbon,Maritimo,3.0,1.0,H,1.0,0.0,H,1.2,6.0,15.0,,5.0,H,3.0,0.0,2.0,4.0,H,1.0,1.0
P1,2016-04-10,Nacional,Estoril,4.0,1.0,H,1.0,0.0,H,2.15,3.1,3.6,,6.0,H,3.0,0.0,3.0,5.0,H,1.0,1.0
P1,2016-04-10,Pacos Ferreira,Porto,1.0,0.0,H,0.0,0.0,D,8.5,4.33,1.4,,6.0,H,3.0,0.0,1.0,1.0,D,0.0,0.0
P1,2016-04-10,Setubal,Belenenses,0.0,1.0,A,0.0,0.0,D,2.38,3.25,3.0,,6.0,A,0.0,3.0,-1.0,1.0,D,0.0,0.0
P1,2016-04-10,Sp Braga,Moreirense,1.0,1.0,D,0.0,0.0,D,1.44,4.0,8.0,,6.0,D,1.0,1.0,0.0,2.0,D,0.0,0.0
P1,2016-04-10,Tondela,Uniao Madeira,1.0,0.0,H,1.0,0.0,H,2.3,3.1,3.2,,6.0,H,3.0,0.0,1.0,1.0,H,1.0,1.0
P1,2016-04-11,Rio Ave,Guimaraes,2.0,0.0,H,2.0,0.0,H,2.0,3.2,4.0,,0.0,H,3.0,0.0,2.0,2.0,H,2.0,2.0
P1,2016-04-16,Arouca,Rio Ave,0.0,0.0,D,0.0,0.0,D,2.6,3.2,2.7,,5.0,D,1.0,1.0,0.0,0.0,D,0.0,0.0
P1,2016-04-16,Estoril,Boavista,1.0,0.0,H,0.0,0.0,D,2.25,3.1,3.4,,5.0,H,3.0,0.0,1.0,1.0,D,0.0,0.0
P1,2016-04-16,Moreirense,Sp Lisbon,0.0,1.0,A,0.0,1.0,A,13.0,5.25,1.25,,5.0,A,0.0,3.0,-1.0,1.0,A,-1.0,1.0
P1,2016-04-17,Belenenses,Academica,1.0,1.0,D,1.0,0.0,H,2.2,3.2,3.4,,6.0,D,1.0,1.0,0.0,2.0,H,1.0,1.0
P1,2016-04-17,Maritimo,Guimaraes,3.0,0.0,H,2.0,0.0,H,2.38,3.2,3.0,,6.0,H,3.0,0.0,3.0,3.0,H,2.0,2.0
P1,2016-04-17,Porto,Nacional,4.0,0.0,H,2.0,0.0,H,1.29,5.5,10.0,,6.0,H,3.0,0.0,4.0,4.0,H,2.0,2.0
P1,2016-04-17,Uniao Madeira,Pacos Ferreira,3.0,4.0,A,2.0,0.0,H,2.6,3.1,2.8,,6.0,A,0.0,3.0,-1.0,7.0,H,2.0,2.0
P1,2016-04-18,Benfica,Setubal,2.0,1.0,H,2.0,1.0,H,1.14,7.5,17.0,,0.0,H,3.0,0.0,1.0,3.0,H,1.0,3.0
P1,2016-04-18,Sp Braga,Tondela,3.0,0.0,H,1.0,0.0,H,1.36,4.75,8.0,,0.0,H,3.0,0.0,3.0,3.0,H,1.0,1.0
P1,2016-04-22,Boavista,Belenenses,1.0,0.0,H,1.0,0.0,H,1.95,3.1,4.33,,4.0,H,3.0,0.0,1.0,1.0,H,1.0,1.0
P1,2016-04-23,Academica,Porto,1.0,2.0,A,1.0,1.0,D,9.0,4.5,1.36,,5.0,A,0.0,3.0,-1.0,3.0,D,0.0,2.0
P1,2016-04-23,Pacos Ferreira,Sp Braga,1.0,0.0,H,1.0,0.0,H,3.8,3.3,2.0,,5.0,H,3.0,0.0,1.0,1.0,H,1.0,1.0
P1,2016-04-23,Sp Lisbon,Uniao Madeira,2.0,0.0,H,2.0,0.0,H,1.13,8.0,21.0,,5.0,H,3.0,0.0,2.0,2.0,H,2.0,2.0
P1,2016-04-24,Guimaraes,Estoril,1.0,1.0,D,0.0,0.0,D,2.4,3.1,3.1,,6.0,D,1.0,1.0,0.0,2.0,D,0.0,0.0
P1,2016-04-24,Maritimo,Arouca,1.0,2.0,A,0.0,2.0,A,2.2,3.2,3.4,,6.0,A,0.0,3.0,-1.0,3.0,A,-2.0,2.0
P1,2016-04-24,Nacional,Moreirense,0.0,1.0,A,0.0,1.0,A,2.0,3.4,3.75,,6.0,A,0.0,3.0,-1.0,1.0,A,-1.0,1.0
P1,2016-04-24,Rio Ave,Benfica,0.0,1.0,A,0.0,0.0,D,8.0,4.5,1.4,,6.0,A,0.0,3.0,-1.0,1.0,D,0.0,0.0
P1,2016-04-24,Setubal,Tondela,0.0,1.0,A,0.0,0.0,D,2.05,3.4,3.6,,6.0,A,0.0,3.0,-1.0,1.0,D,0.0,0.0
P1,2016-04-29,Benfica,Guimaraes,1.0,0.0,H,0.0,0.0,D,1.11,9.0,19.0,,4.0,H,3.0,0.0,1.0,1.0,D,0.0,0.0
P1,2016-04-29,Sp Braga,Setubal,3.0,2.0,H,1.0,1.0,D,1.44,4.33,7.0,,4.0,H,3.0,0.0,1.0,5.0,D,0.0,2.0
P1,2016-04-30,Belenenses,Pacos Ferreira,0.0,2.0,A,0.0,1.0,A,2.6,3.0,2.88,,5.0,A,0.0,3.0,-2.0,2.0,A,-1.0,1.0
P1,2016-04-30,Porto,Sp Lisbon,1.0,3.0,A,1.0,2.0,A,3.25,3.1,2.3,,5.0,A,0.0,3.0,-2.0,4.0,A,-1.0,3.0
P1,2016-04-30,Tondela,Rio Ave,1.0,1.0,D,1.0,0.0,H,3.1,3.1,2.4,,5.0,D,1.0,1.0,0.0,2.0,H,1.0,1.0
P1,2016-05-01,Arouca,Nacional,3.0,0.0,H,2.0,0.0,H,1.85,3.4,4.33,,6.0,H,3.0,0.0,3.0,3.0,H,2.0,2.0
P1,2016-05-01,Estoril,Maritimo,2.0,1.0,H,0.0,1.0,A,2.05,3.4,3.6,,6.0,H,3.0,0.0,1.0,3.0,A,-1.0,1.0
P1,2016-05-01,Moreirense,Boavista,1.0,1.0,D,1.0,1.0,D,2.63,3.0,2.88,,6.0,D,1.0,1.0,0.0,2.0,D,0.0,2.0
P1,2016-05-01,Uniao Madeira,Academica,3.0,1.0,H,1.0,0.0,H,2.5,3.2,2.8,,6.0,H,3.0,0.0,2.0,4.0,H,1.0,1.0
P1,2016-05-06,Pacos Ferreira,Tondela,1.0,4.0,A,1.0,1.0,D,1.7,3.6,5.0,,4.0,A,0.0,3.0,-3.0,5.0,D,0.0,2.0
P1,2016-05-07,Academica,Sp Braga,0.0,0.0,D,0.0,0.0,D,3.75,3.4,2.0,,5.0,D,1.0,1.0,0.0,0.0,D,0.0,0.0
P1,2016-05-07,Rio Ave,Porto,1.0,3.0,A,1.0,1.0,D,4.2,3.5,1.85,,5.0,A,0.0,3.0,-2.0,4.0,D,0.0,2.0
P1,2016-05-07,Sp Lisbon,Setubal,5.0,0.0,H,2.0,0.0,H,1.1,9.0,23.0,,5.0,H,3.0,0.0,5.0,5.0,H,2.0,2.0
P1,2016-05-08,Boavista,Uniao Madeira,1.0,0.0,H,1.0,0.0,H,2.2,3.1,3.5,,6.0,H,3.0,0.0,1.0,1.0,H,1.0,1.0
P1,2016-05-08,Guimaraes,Moreirense,4.0,1.0,H,1.0,1.0,D,2.0,3.3,3.8,,6.0,H,3.0,0.0,3.0,5.0,D,0.0,2.0
P1,2016-05-08,Maritimo,Benfica,0.0,2.0,A,0.0,0.0,D,9.0,5.0,1.33,,6.0,A,0.0,3.0,-2.0,2.0,D,0.0,0.0
P1,2016-05-08,Nacional,Belenenses,2.0,2.0,D,1.0,0.0,H,2.15,3.25,3.4,,6.0,D,1.0,1.0,0.0,4.0,H,1.0,1.0
P1,2016-05-09,Estoril,Arouca,1.0,1.0,D,0.0,1.0,A,2.25,3.2,3.3,,0.0,D,1.0,1.0,0.0,2.0,A,-1.0,1.0
P1,2016-05-14,Arouca,Guimaraes,2.0,2.0,D,0.0,2.0,A,2.38,3.5,2.8,,5.0,D,1.0,1.0,0.0,4.0,A,-2.0,2.0
P1,2016-05-14,Belenenses,Estoril,2.0,1.0,H,2.0,1.0,H,3.1,3.5,2.2,,5.0,H,3.0,0.0,1.0,3.0,H,1.0,3.0
P1,2016-05-14,Porto,Boavista,4.0,0.0,H,1.0,0.0,H,1.29,5.5,9.5,,5.0,H,3.0,0.0,4.0,4.0,H,1.0,1.0
P1,2016-05-14,Setubal,Pacos Ferreira,0.0,0.0,D,0.0,0.0,D,2.3,3.5,2.9,,5.0,D,1.0,1.0,0.0,0.0,D,0.0,0.0
P1,2016-05-14,Tondela,Academica,2.0,0.0,H,1.0,0.0,H,1.57,4.0,5.75,,5.0,H,3.0,0.0,2.0,2.0,H,1.0,1.0
P1,2016-05-14,Uniao Madeira,Rio Ave,1.0,2.0,A,1.0,0.0,H,2.45,3.1,3.0,,5.0,A,0.0,3.0,-1.0,3.0,H,1.0,1.0
P1,2016-05-15,Benfica,Nacional,4.0,1.0,H,2.0,0.0,H,1.1,9.0,21.0,,6.0,H,3.0,0.0,3.0,5.0,H,2.0,2.0
P1,2016-05-15,Moreirense,Maritimo,2.0,1.0,H,1.0,0.0,H,2.05,3.5,3.5,,6.0,H,3.0,0.0,1.0,3.0,H,1.0,1.0
P1,2016-05-15,Sp Braga,Sp Lisbon,0.0,4.0,A,0.0,2.0,A,7.0,4.33,1.44,,6.0,A,0.0,3.0,-4.0,4.0,A,-2.0,2.0
